blog_id,nickname,profile_url,liked_post_count,commented_post_count,total_engagement_count,liked_post_titles,commented_post_titles,latest_engagement_at,comment_samples,is_liker,is_commenter
ekdns1986,먹고노는단이,https://m.blog.naver.com/ekdns1986,5,5,10,광양 홈플러스 재개장 현장 생생후기와 할인목록까지 | 완도 해양치유센터 생생후기｜예약부터 가격 할인까지 | 완도 가족여행 후기ㅣ 반값여행 신청부터 정산까지ㅣ 여행 주의사항 | 여름 몸보신 광양 중마동 4만원대 하모샤브샤브 만푸장횟집 | 완도 플로리스트의 비밀정원 아내의 정원 방문 후기,광양 홈플러스 재개장 현장 생생후기와 할인목록까지 | 완도 해양치유센터 생생후기｜예약부터 가격 할인까지 | 완도 가족여행 후기ㅣ 반값여행 신청부터 정산까지ㅣ 여행 주의사항 | 여름 몸보신 광양 중마동 4만원대 하모샤브샤브 만푸장횟집 | 완도 플로리스트의 비밀정원 아내의 정원 방문 후기,2026-08-26 21:53:16,몰랐던 정보네요!! 좋은 정보 상세하게 알려주셔서 감사합니다☺️ || 놀러가면 너무 재밌을것같아요! 가격 할인 정보까지 감사드려요☺️ || 여행 주의사항까지 자세히 적어 주시고 너무 감사드려요☺️ || 낙지가 통으로 들어가는 샤브샤브라니 몸보신 제대로 하셨네요!! 정보 감사드려요☺️ || 완도여행이 가고 싶어지네요! 초록초록 너무 이쁘고 힐링까지 될 것 같아요 가족끼리 놀러가서 사진찍기도 좋을 것 같네용,Y,Y
on-yoon123,온윤,https://m.blog.naver.com/on-yoon123,5,3,8,광양 홈플러스 재개장 현장 생생후기와 할인목록까지 | 완도 해양치유센터 생생후기｜예약부터 가격 할인까지 | 완도 가족여행 후기ㅣ 반값여행 신청부터 정산까지ㅣ 여행 주의사항 | 여름 몸보신 광양 중마동 4만원대 하모샤브샤브 만푸장횟집 | 완도 플로리스트의 비밀정원 아내의 정원 방문 후기,광양 홈플러스 재개장 현장 생생후기와 할인목록까지 | 완도 해양치유센터 생생후기｜예약부터 가격 할인까지 | 완도 플로리스트의 비밀정원 아내의 정원 방문 후기,2026-08-26 21:53:16,꿀정보네용ㅎㅎ감사해용 || 와 프로그램이 너무 다양하고 좋네용ㅎㅎ || 카페분위기가 너무 이쁘잖아용!!ㅎㅎ,Y,Y
hapzin,potato,https://m.blog.naver.com/hapzin,5,2,7,광양 홈플러스 재개장 현장 생생후기와 할인목록까지 | 완도 해양치유센터 생생후기｜예약부터 가격 할인까지 | 완도 가족여행 후기ㅣ 반값여행 신청부터 정산까지ㅣ 여행 주의사항 | 여름 몸보신 광양 중마동 4만원대 하모샤브샤브 만푸장횟집 | 완도 플로리스트의 비밀정원 아내의 정원 방문 후기,완도 가족여행 후기ㅣ 반값여행 신청부터 정산까지ㅣ 여행 주의사항 | 여름 몸보신 광양 중마동 4만원대 하모샤브샤브 만푸장횟집,2026-08-26 21:53:16,"오 해당되는 지역도 많군요! 꿀팁 감사합니다 ㅎㅎㅎ || 저도 여수에서 인당 8만원 주고 먹어봤는데, ,, ㅎ 만푸장횟집도 꼭 가봐야겠어요!",Y,Y
alsdud1765,민뇽쓰,https://m.blog.naver.com/alsdud1765,5,2,7,광양 홈플러스 재개장 현장 생생후기와 할인목록까지 | 완도 해양치유센터 생생후기｜예약부터 가격 할인까지 | 완도 가족여행 후기ㅣ 반값여행 신청부터 정산까지ㅣ 여행 주의사항 | 여름 몸보신 광양 중마동 4만원대 하모샤브샤브 만푸장횟집 | 완도 플로리스트의 비밀정원 아내의 정원 방문 후기,광양 홈플러스 재개장 현장 생생후기와 할인목록까지 | 완도 플로리스트의 비밀정원 아내의 정원 방문 후기,2026-08-26 21:53:16,ㅎㅎㅎ재개장되서 너무 다행이에요~~ㅎㅎ || 와 이쁜 풍경에 입장료도 없다니요~~ㅎㅎ 1만 4천평을 가꾸신 것도 신기하고 대단하고... 한번 가보고 싶네용!!,Y,Y
stnfusdl,몽수리,https://m.blog.naver.com/stnfusdl,3,3,6,완도 해양치유센터 생생후기｜예약부터 가격 할인까지 | 완도 가족여행 후기ㅣ 반값여행 신청부터 정산까지ㅣ 여행 주의사항 | 여름 몸보신 광양 중마동 4만원대 하모샤브샤브 만푸장횟집,완도 해양치유센터 생생후기｜예약부터 가격 할인까지 | 완도 가족여행 후기ㅣ 반값여행 신청부터 정산까지ㅣ 여행 주의사항 | 여름 몸보신 광양 중마동 4만원대 하모샤브샤브 만푸장횟집,2026-08-26 21:53:16,우앙 가족들끼리 가면 넘 좋을 것 같아요 ♡ || 오! 꿀팁정보 감사합니다 ♡ || 우앙 하모샤브샤브 비줠 대박!!!! 얼마나 맛도리일지 감도 안 와요♡,Y,Y
happymoment1216,찰랑이,https://m.blog.naver.com/happymoment1216,4,2,6,광양 홈플러스 재개장 현장 생생후기와 할인목록까지 | 완도 해양치유센터 생생후기｜예약부터 가격 할인까지 | 완도 가족여행 후기ㅣ 반값여행 신청부터 정산까지ㅣ 여행 주의사항 | 완도 플로리스트의 비밀정원 아내의 정원 방문 후기,완도 가족여행 후기ㅣ 반값여행 신청부터 정산까지ㅣ 여행 주의사항 | 완도 플로리스트의 비밀정원 아내의 정원 방문 후기,2026-08-26 21:53:16,휴가지원 사업 활용하면 경비도 절약하고 넘 좋겠어요🥰 || 하루 날 잡고 가야할정도로 규모가 꽤 크네요🤩,Y,Y
vhsy33,쑤햔,https://m.blog.naver.com/vhsy33,4,2,6,광양 홈플러스 재개장 현장 생생후기와 할인목록까지 | 완도 해양치유센터 생생후기｜예약부터 가격 할인까지 | 여름 몸보신 광양 중마동 4만원대 하모샤브샤브 만푸장횟집 | 완도 플로리스트의 비밀정원 아내의 정원 방문 후기,광양 홈플러스 재개장 현장 생생후기와 할인목록까지 | 완도 플로리스트의 비밀정원 아내의 정원 방문 후기,2026-08-26 21:53:16,유용한 정보 감사합니다 :) || 우와아 나중에 나이 들면 이런 카페 차리는 게 꿈이었는데 진짜 가보고 싶네요......,Y,Y
with2seo,Nowment 나우먼트,https://m.blog.naver.com/with2seo,4,2,6,완도 해양치유센터 생생후기｜예약부터 가격 할인까지 | 완도 가족여행 후기ㅣ 반값여행 신청부터 정산까지ㅣ 여행 주의사항 | 여름 몸보신 광양 중마동 4만원대 하모샤브샤브 만푸장횟집 | 완도 플로리스트의 비밀정원 아내의 정원 방문 후기,완도 가족여행 후기ㅣ 반값여행 신청부터 정산까지ㅣ 여행 주의사항 | 완도 플로리스트의 비밀정원 아내의 정원 방문 후기,2026-08-26 21:53:16,반값여행 이런거 있는지 처음알았어요!! 곧 여행 계획 있는데 도움이 많이 되었습니다 감사해요 ㅎㅎ || 우왕.. 감성이 우리나라가 아닌것 같아요! 좋은 곳 알게 되었네요 감사합니다 히히,Y,Y
aquaqua11,아쿠아쿠,https://m.blog.naver.com/aquaqua11,5,1,6,광양 홈플러스 재개장 현장 생생후기와 할인목록까지 | 완도 해양치유센터 생생후기｜예약부터 가격 할인까지 | 완도 가족여행 후기ㅣ 반값여행 신청부터 정산까지ㅣ 여행 주의사항 | 여름 몸보신 광양 중마동 4만원대 하모샤브샤브 만푸장횟집 | 완도 플로리스트의 비밀정원 아내의 정원 방문 후기,완도 플로리스트의 비밀정원 아내의 정원 방문 후기,2026-08-26 21:53:16,와 카페 완전 동화속같아요 팜픙렛도 동호ㅓ책 같네용 너무 이쁜데 사진도 잘찍으셔서 더더 가보고싶어요 😳,Y,Y
cotten2324,째랑맘,https://m.blog.naver.com/cotten2324,5,1,6,광양 홈플러스 재개장 현장 생생후기와 할인목록까지 | 완도 해양치유센터 생생후기｜예약부터 가격 할인까지 | 완도 가족여행 후기ㅣ 반값여행 신청부터 정산까지ㅣ 여행 주의사항 | 여름 몸보신 광양 중마동 4만원대 하모샤브샤브 만푸장횟집 | 완도 플로리스트의 비밀정원 아내의 정원 방문 후기,완도 플로리스트의 비밀정원 아내의 정원 방문 후기,2026-08-26 21:53:16,저희 어머님도 꽃 좋아하시는데 어머님 모시고 가고싶은 곳이네요!!,Y,Y
hyeroomysoodal,혜리미,https://m.blog.naver.com/hyeroomysoodal,3,2,5,광양 홈플러스 재개장 현장 생생후기와 할인목록까지 | 완도 해양치유센터 생생후기｜예약부터 가격 할인까지 | 완도 가족여행 후기ㅣ 반값여행 신청부터 정산까지ㅣ 여행 주의사항,광양 홈플러스 재개장 현장 생생후기와 할인목록까지 | 완도 해양치유센터 생생후기｜예약부터 가격 할인까지,2026-08-26 21:53:16,와 재개장하고 바로 가셨네요! || 와 내부가 엄청 잘 되어있네요 체험거리 구경거리 모두 가득해서 가족들 자녀분과 좋은 추억쌓기에 적합해보여요,Y,Y
wjddms7720,쩡니,https://m.blog.naver.com/wjddms7720,3,2,5,광양 홈플러스 재개장 현장 생생후기와 할인목록까지 | 완도 가족여행 후기ㅣ 반값여행 신청부터 정산까지ㅣ 여행 주의사항 | 여름 몸보신 광양 중마동 4만원대 하모샤브샤브 만푸장횟집,완도 가족여행 후기ㅣ 반값여행 신청부터 정산까지ㅣ 여행 주의사항 | 여름 몸보신 광양 중마동 4만원대 하모샤브샤브 만푸장횟집,2026-08-26 21:53:16,너무 좋은데요 !? 여행도 하고 환급도 받고 !!!! 완도 여행 계획하는 자들에겐 아주 꿀팁인 것 같아요 ! || 너무 맛있어 보여요~!~!!! 낙지가 들어갔다니 🤤,Y,Y
i9930820,소소mom,https://m.blog.naver.com/i9930820,3,2,5,완도 가족여행 후기ㅣ 반값여행 신청부터 정산까지ㅣ 여행 주의사항 | 여름 몸보신 광양 중마동 4만원대 하모샤브샤브 만푸장횟집 | 완도 플로리스트의 비밀정원 아내의 정원 방문 후기,완도 가족여행 후기ㅣ 반값여행 신청부터 정산까지ㅣ 여행 주의사항 | 완도 플로리스트의 비밀정원 아내의 정원 방문 후기,2026-08-26 21:53:16,안녕하세요 유랑님! 들어왔는데 글을 너무 정성스럽게 쓰셔서 감탄하고 갑니다! 앞으로도 자주 들러서 소통해요! 반갑게 맞아주시면 감사하겠습니다 😊 || 꽃들이랑 식물 가득해서 힐링되네요 🌿 혹시 주차는 편하게 하고 다녀오셨나요?,Y,Y
don07165,예예,https://m.blog.naver.com/don07165,4,1,5,완도 해양치유센터 생생후기｜예약부터 가격 할인까지 | 완도 가족여행 후기ㅣ 반값여행 신청부터 정산까지ㅣ 여행 주의사항 | 여름 몸보신 광양 중마동 4만원대 하모샤브샤브 만푸장횟집 | 완도 플로리스트의 비밀정원 아내의 정원 방문 후기,완도 플로리스트의 비밀정원 아내의 정원 방문 후기,2026-08-26 21:53:16,어머 넘 이쁜 카페네용ㅎㅎ,Y,Y
CheckIn.naver,내 체크인,https://m.blog.naver.com/CheckIn.naver,5,0,5,광양 홈플러스 재개장 현장 생생후기와 할인목록까지 | 완도 해양치유센터 생생후기｜예약부터 가격 할인까지 | 완도 가족여행 후기ㅣ 반값여행 신청부터 정산까지ㅣ 여행 주의사항 | 여름 몸보신 광양 중마동 4만원대 하모샤브샤브 만푸장횟집 | 완도 플로리스트의 비밀정원 아내의 정원 방문 후기,,2026-08-26 21:53:16,,Y,N
ReadHistoryList.naver,최근 본 글,https://m.blog.naver.com/ReadHistoryList.naver,5,0,5,광양 홈플러스 재개장 현장 생생후기와 할인목록까지 | 완도 해양치유센터 생생후기｜예약부터 가격 할인까지 | 완도 가족여행 후기ㅣ 반값여행 신청부터 정산까지ㅣ 여행 주의사항 | 여름 몸보신 광양 중마동 4만원대 하모샤브샤브 만푸장횟집 | 완도 플로리스트의 비밀정원 아내의 정원 방문 후기,,2026-08-26 21:53:16,,Y,N
MarketPlace.naver,마켓 플레이스,https://m.blog.naver.com/MarketPlace.naver,5,0,5,광양 홈플러스 재개장 현장 생생후기와 할인목록까지 | 완도 해양치유센터 생생후기｜예약부터 가격 할인까지 | 완도 가족여행 후기ㅣ 반값여행 신청부터 정산까지ㅣ 여행 주의사항 | 여름 몸보신 광양 중마동 4만원대 하모샤브샤브 만푸장횟집 | 완도 플로리스트의 비밀정원 아내의 정원 방문 후기,,2026-08-26 21:53:16,,Y,N
Cart.naver,장바구니,https://m.blog.naver.com/Cart.naver,5,0,5,광양 홈플러스 재개장 현장 생생후기와 할인목록까지 | 완도 해양치유센터 생생후기｜예약부터 가격 할인까지 | 완도 가족여행 후기ㅣ 반값여행 신청부터 정산까지ㅣ 여행 주의사항 | 여름 몸보신 광양 중마동 4만원대 하모샤브샤브 만푸장횟집 | 완도 플로리스트의 비밀정원 아내의 정원 방문 후기,,2026-08-26 21:53:16,,Y,N
iwbbt,PC버전으로 보기,https://m.blog.naver.com/iwbbt,5,0,5,광양 홈플러스 재개장 현장 생생후기와 할인목록까지 | 완도 해양치유센터 생생후기｜예약부터 가격 할인까지 | 완도 가족여행 후기ㅣ 반값여행 신청부터 정산까지ㅣ 여행 주의사항 | 여름 몸보신 광양 중마동 4만원대 하모샤브샤브 만푸장횟집 | 완도 플로리스트의 비밀정원 아내의 정원 방문 후기,,2026-08-26 21:53:16,,Y,N
inhwa321,이나꾸,https://m.blog.naver.com/inhwa321,5,0,5,광양 홈플러스 재개장 현장 생생후기와 할인목록까지 | 완도 해양치유센터 생생후기｜예약부터 가격 할인까지 | 완도 가족여행 후기ㅣ 반값여행 신청부터 정산까지ㅣ 여행 주의사항 | 여름 몸보신 광양 중마동 4만원대 하모샤브샤브 만푸장횟집 | 완도 플로리스트의 비밀정원 아내의 정원 방문 후기,,2026-08-26 21:53:16,,Y,N
it_jiyu-3-,it지유,https://m.blog.naver.com/it_jiyu-3-,5,0,5,광양 홈플러스 재개장 현장 생생후기와 할인목록까지 | 완도 해양치유센터 생생후기｜예약부터 가격 할인까지 | 완도 가족여행 후기ㅣ 반값여행 신청부터 정산까지ㅣ 여행 주의사항 | 여름 몸보신 광양 중마동 4만원대 하모샤브샤브 만푸장횟집 | 완도 플로리스트의 비밀정원 아내의 정원 방문 후기,,2026-08-26 21:53:16,,Y,N
sorksnrnrp_-,워니,https://m.blog.naver.com/sorksnrnrp_-,5,0,5,광양 홈플러스 재개장 현장 생생후기와 할인목록까지 | 완도 해양치유센터 생생후기｜예약부터 가격 할인까지 | 완도 가족여행 후기ㅣ 반값여행 신청부터 정산까지ㅣ 여행 주의사항 | 여름 몸보신 광양 중마동 4만원대 하모샤브샤브 만푸장횟집 | 완도 플로리스트의 비밀정원 아내의 정원 방문 후기,,2026-08-26 21:53:16,,Y,N
yoon_fade,유니S2,https://m.blog.naver.com/yoon_fade,5,0,5,광양 홈플러스 재개장 현장 생생후기와 할인목록까지 | 완도 해양치유센터 생생후기｜예약부터 가격 할인까지 | 완도 가족여행 후기ㅣ 반값여행 신청부터 정산까지ㅣ 여행 주의사항 | 여름 몸보신 광양 중마동 4만원대 하모샤브샤브 만푸장횟집 | 완도 플로리스트의 비밀정원 아내의 정원 방문 후기,,2026-08-26 21:53:16,,Y,N
jinny__bear,zinneee,https://m.blog.naver.com/jinny__bear,5,0,5,광양 홈플러스 재개장 현장 생생후기와 할인목록까지 | 완도 해양치유센터 생생후기｜예약부터 가격 할인까지 | 완도 가족여행 후기ㅣ 반값여행 신청부터 정산까지ㅣ 여행 주의사항 | 여름 몸보신 광양 중마동 4만원대 하모샤브샤브 만푸장횟집 | 완도 플로리스트의 비밀정원 아내의 정원 방문 후기,,2026-08-26 21:53:16,,Y,N
BlogTagView.naver,#홈플러스광양점,https://m.blog.naver.com/BlogTagView.naver,5,0,5,광양 홈플러스 재개장 현장 생생후기와 할인목록까지 | 완도 해양치유센터 생생후기｜예약부터 가격 할인까지 | 완도 가족여행 후기ㅣ 반값여행 신청부터 정산까지ㅣ 여행 주의사항 | 여름 몸보신 광양 중마동 4만원대 하모샤브샤브 만푸장횟집 | 완도 플로리스트의 비밀정원 아내의 정원 방문 후기,,2026-08-26 21:53:16,,Y,N
hyem4,혜정쨩,https://m.blog.naver.com/hyem4,3,1,4,광양 홈플러스 재개장 현장 생생후기와 할인목록까지 | 완도 해양치유센터 생생후기｜예약부터 가격 할인까지 | 완도 플로리스트의 비밀정원 아내의 정원 방문 후기,완도 플로리스트의 비밀정원 아내의 정원 방문 후기,2026-08-26 21:53:16,아내의정원이라니 사장님이 멋진이름을 붙여주셨네요~!! 너무예쁜 카페에여☺️,Y,Y
xhakxh9380,민블리,https://m.blog.naver.com/xhakxh9380,3,1,4,광양 홈플러스 재개장 현장 생생후기와 할인목록까지 | 완도 해양치유센터 생생후기｜예약부터 가격 할인까지 | 완도 플로리스트의 비밀정원 아내의 정원 방문 후기,완도 해양치유센터 생생후기｜예약부터 가격 할인까지,2026-08-26 21:53:16,글도 사진도 너무 깔끔하고 좋네요  잘 보고 갑니다:)🤍,Y,Y
sel0g,세딩,https://m.blog.naver.com/sel0g,3,1,4,광양 홈플러스 재개장 현장 생생후기와 할인목록까지 | 완도 해양치유센터 생생후기｜예약부터 가격 할인까지 | 완도 플로리스트의 비밀정원 아내의 정원 방문 후기,광양 홈플러스 재개장 현장 생생후기와 할인목록까지,2026-08-26 21:53:16,저희쪽 홈플러스는 요즘 없어지는 추세인데ㅠㅠ그립네요 홈플러스..,Y,Y
chun_young92,춘천 워킹맘 춘영이,https://m.blog.naver.com/chun_young92,3,1,4,광양 홈플러스 재개장 현장 생생후기와 할인목록까지 | 완도 해양치유센터 생생후기｜예약부터 가격 할인까지 | 완도 가족여행 후기ㅣ 반값여행 신청부터 정산까지ㅣ 여행 주의사항,광양 홈플러스 재개장 현장 생생후기와 할인목록까지,2026-08-26 21:53:16,먼가 사람이 많은거같아서 괜히 찡하네요 ㅜㅜ 포스팅 잘읽었습니당🫶,Y,Y
vvxxvv22,얀이,https://m.blog.naver.com/vvxxvv22,3,1,4,광양 홈플러스 재개장 현장 생생후기와 할인목록까지 | 완도 해양치유센터 생생후기｜예약부터 가격 할인까지 | 완도 가족여행 후기ㅣ 반값여행 신청부터 정산까지ㅣ 여행 주의사항,광양 홈플러스 재개장 현장 생생후기와 할인목록까지,2026-08-26 21:53:16,홈플러스 다시 운영해서 넘 행복해요 좋은 정보 감사해요 ㅎㅎ,Y,Y
jhkang704,세잎클로버,https://m.blog.naver.com/jhkang704,3,1,4,광양 홈플러스 재개장 현장 생생후기와 할인목록까지 | 완도 해양치유센터 생생후기｜예약부터 가격 할인까지 | 완도 플로리스트의 비밀정원 아내의 정원 방문 후기,완도 플로리스트의 비밀정원 아내의 정원 방문 후기,2026-08-26 21:53:16,토마토 바질 에이드 여름에 딱이네요🤍 인테리어도 너무 이뻐요!!,Y,Y
yun_9o,윤꾸,https://m.blog.naver.com/yun_9o,3,1,4,광양 홈플러스 재개장 현장 생생후기와 할인목록까지 | 완도 해양치유센터 생생후기｜예약부터 가격 할인까지 | 완도 가족여행 후기ㅣ 반값여행 신청부터 정산까지ㅣ 여행 주의사항,광양 홈플러스 재개장 현장 생생후기와 할인목록까지,2026-08-26 21:53:16,완전 꿀팁이네요!,Y,Y
worldpaq0613,가랑비,https://m.blog.naver.com/worldpaq0613,3,1,4,완도 해양치유센터 생생후기｜예약부터 가격 할인까지 | 완도 가족여행 후기ㅣ 반값여행 신청부터 정산까지ㅣ 여행 주의사항 | 여름 몸보신 광양 중마동 4만원대 하모샤브샤브 만푸장횟집,여름 몸보신 광양 중마동 4만원대 하모샤브샤브 만푸장횟집,2026-08-26 21:53:16,우와 티비에서만 보고 궁금했는데 자세한 포스팅 보니 더 궁금하네요! 원래도 장어좋아하는데 하모하모 즐기러 가봐야겠어용,Y,Y
skqls04,빈둥빈둥,https://m.blog.naver.com/skqls04,3,1,4,완도 해양치유센터 생생후기｜예약부터 가격 할인까지 | 완도 가족여행 후기ㅣ 반값여행 신청부터 정산까지ㅣ 여행 주의사항 | 여름 몸보신 광양 중마동 4만원대 하모샤브샤브 만푸장횟집,완도 해양치유센터 생생후기｜예약부터 가격 할인까지,2026-08-26 21:53:16,완도에 이런 재밌는 곳이 있었다니이!! 거품 테라피도 너무 재밌어보여요🫧🫧,Y,Y
angelhyeonji33,현지렁이,https://m.blog.naver.com/angelhyeonji33,3,1,4,완도 가족여행 후기ㅣ 반값여행 신청부터 정산까지ㅣ 여행 주의사항 | 여름 몸보신 광양 중마동 4만원대 하모샤브샤브 만푸장횟집 | 완도 플로리스트의 비밀정원 아내의 정원 방문 후기,여름 몸보신 광양 중마동 4만원대 하모샤브샤브 만푸장횟집,2026-08-26 21:53:16,저도 만푸장 다녀왔는데 맛있더라구요 !!,Y,Y
one31_,뚜기,https://m.blog.naver.com/one31_,4,0,4,광양 홈플러스 재개장 현장 생생후기와 할인목록까지 | 완도 해양치유센터 생생후기｜예약부터 가격 할인까지 | 완도 가족여행 후기ㅣ 반값여행 신청부터 정산까지ㅣ 여행 주의사항 | 여름 몸보신 광양 중마동 4만원대 하모샤브샤브 만푸장횟집,,2026-08-26 21:53:16,,Y,N
imwjd910,뽀 블 리,https://m.blog.naver.com/imwjd910,4,0,4,광양 홈플러스 재개장 현장 생생후기와 할인목록까지 | 완도 해양치유센터 생생후기｜예약부터 가격 할인까지 | 완도 가족여행 후기ㅣ 반값여행 신청부터 정산까지ㅣ 여행 주의사항 | 여름 몸보신 광양 중마동 4만원대 하모샤브샤브 만푸장횟집,,2026-08-26 21:53:16,,Y,N
lej1559,도도,https://m.blog.naver.com/lej1559,4,0,4,광양 홈플러스 재개장 현장 생생후기와 할인목록까지 | 완도 해양치유센터 생생후기｜예약부터 가격 할인까지 | 완도 가족여행 후기ㅣ 반값여행 신청부터 정산까지ㅣ 여행 주의사항 | 여름 몸보신 광양 중마동 4만원대 하모샤브샤브 만푸장횟집,,2026-08-26 21:53:16,,Y,N
y_tist,쟌장,https://m.blog.naver.com/y_tist,4,0,4,광양 홈플러스 재개장 현장 생생후기와 할인목록까지 | 완도 해양치유센터 생생후기｜예약부터 가격 할인까지 | 완도 가족여행 후기ㅣ 반값여행 신청부터 정산까지ㅣ 여행 주의사항 | 여름 몸보신 광양 중마동 4만원대 하모샤브샤브 만푸장횟집,,2026-08-26 21:53:16,,Y,N
luvly_na,푸르나,https://m.blog.naver.com/luvly_na,4,0,4,광양 홈플러스 재개장 현장 생생후기와 할인목록까지 | 완도 해양치유센터 생생후기｜예약부터 가격 할인까지 | 완도 가족여행 후기ㅣ 반값여행 신청부터 정산까지ㅣ 여행 주의사항 | 여름 몸보신 광양 중마동 4만원대 하모샤브샤브 만푸장횟집,,2026-08-26 21:53:16,,Y,N
sybook92,대왕돼지,https://m.blog.naver.com/sybook92,2,1,3,광양 홈플러스 재개장 현장 생생후기와 할인목록까지 | 완도 플로리스트의 비밀정원 아내의 정원 방문 후기,완도 플로리스트의 비밀정원 아내의 정원 방문 후기,2026-08-26 21:53:16,와... 너무 예쁜 공간이네요 ㅠㅠㅠ 카페 분위기도 예쁜데 맛도 있었다니 무조건 가봐야 할 곳이네요 ㅠㅠㅠ,Y,Y
ryamy_zip,랴미,https://m.blog.naver.com/ryamy_zip,2,1,3,완도 해양치유센터 생생후기｜예약부터 가격 할인까지 | 완도 플로리스트의 비밀정원 아내의 정원 방문 후기,완도 해양치유센터 생생후기｜예약부터 가격 할인까지,2026-08-26 21:53:16,우와 시설도 깔끔하고 재밌는 프로그램이 많네요!? 가족여행으로 가기 좋을 것 같아요!!,Y,Y
ehflxhtm33-,chichi,https://m.blog.naver.com/ehflxhtm33-,2,1,3,완도 가족여행 후기ㅣ 반값여행 신청부터 정산까지ㅣ 여행 주의사항 | 완도 플로리스트의 비밀정원 아내의 정원 방문 후기,완도 플로리스트의 비밀정원 아내의 정원 방문 후기,2026-08-26 21:53:16,1만4천 평을 부부가 가꾸신다니 정성이 어마어마하겠네요,Y,Y
artecaulking,아르떼코킹,https://m.blog.naver.com/artecaulking,2,1,3,완도 가족여행 후기ㅣ 반값여행 신청부터 정산까지ㅣ 여행 주의사항 | 여름 몸보신 광양 중마동 4만원대 하모샤브샤브 만푸장횟집,완도 가족여행 후기ㅣ 반값여행 신청부터 정산까지ㅣ 여행 주의사항,2026-08-26 21:53:16,포스팅 깔끔하게 잘 정리해 주셔서 재미있게 읽고 갑니다! 오늘 하루도 기분 좋게 마무리하세요 :),Y,Y
soyunfold,쏘유,https://m.blog.naver.com/soyunfold,2,1,3,완도 가족여행 후기ㅣ 반값여행 신청부터 정산까지ㅣ 여행 주의사항 | 여름 몸보신 광양 중마동 4만원대 하모샤브샤브 만푸장횟집,완도 가족여행 후기ㅣ 반값여행 신청부터 정산까지ㅣ 여행 주의사항,2026-08-26 21:53:16,가성비 좋은 완도여행이네요☺️,Y,Y
soslth,맛집 보균자,https://m.blog.naver.com/soslth,2,1,3,완도 가족여행 후기ㅣ 반값여행 신청부터 정산까지ㅣ 여행 주의사항 | 여름 몸보신 광양 중마동 4만원대 하모샤브샤브 만푸장횟집,완도 가족여행 후기ㅣ 반값여행 신청부터 정산까지ㅣ 여행 주의사항,2026-08-26 21:53:16,지원금 신청 방법부터 정산 팁까지 완전 알짜배기네요ㅠㅠ 영수증이랑 인증사진 놓치기 쉬운 부분까지 짚어주셔서 넘 유용해요 ㅎㅎ,Y,Y
harulog_on,harulog,https://m.blog.naver.com/harulog_on,2,1,3,완도 가족여행 후기ㅣ 반값여행 신청부터 정산까지ㅣ 여행 주의사항 | 여름 몸보신 광양 중마동 4만원대 하모샤브샤브 만푸장횟집,여름 몸보신 광양 중마동 4만원대 하모샤브샤브 만푸장횟집,2026-08-26 21:53:16,하모샤브샤브는 아직 못 먹어봤는데 정말 맛있어 보여요 😊,Y,Y
chldnjsdnr2,안성맛객,https://m.blog.naver.com/chldnjsdnr2,2,1,3,여름 몸보신 광양 중마동 4만원대 하모샤브샤브 만푸장횟집 | 완도 플로리스트의 비밀정원 아내의 정원 방문 후기,완도 플로리스트의 비밀정원 아내의 정원 방문 후기,2026-08-26 21:53:16,동화속에 온거 같네요🥹전체적으로 다 예쁘고 좋네요👍,Y,Y
soyeon251,소연 아카이브,https://m.blog.naver.com/soyeon251,3,0,3,광양 홈플러스 재개장 현장 생생후기와 할인목록까지 | 완도 해양치유센터 생생후기｜예약부터 가격 할인까지 | 완도 플로리스트의 비밀정원 아내의 정원 방문 후기,,2026-08-26 21:53:16,,Y,N
jinyanglog,지냥이,https://m.blog.naver.com/jinyanglog,3,0,3,광양 홈플러스 재개장 현장 생생후기와 할인목록까지 | 완도 가족여행 후기ㅣ 반값여행 신청부터 정산까지ㅣ 여행 주의사항 | 완도 플로리스트의 비밀정원 아내의 정원 방문 후기,,2026-08-26 21:53:16,,Y,N
sum_mer_lov_e,summer,https://m.blog.naver.com/sum_mer_lov_e,3,0,3,광양 홈플러스 재개장 현장 생생후기와 할인목록까지 | 완도 해양치유센터 생생후기｜예약부터 가격 할인까지 | 완도 가족여행 후기ㅣ 반값여행 신청부터 정산까지ㅣ 여행 주의사항,,2026-08-26 21:53:16,,Y,N
royalblue12,로얄블루 유학미술,https://m.blog.naver.com/royalblue12,3,0,3,완도 해양치유센터 생생후기｜예약부터 가격 할인까지 | 완도 가족여행 후기ㅣ 반값여행 신청부터 정산까지ㅣ 여행 주의사항 | 완도 플로리스트의 비밀정원 아내의 정원 방문 후기,,2026-08-26 21:53:16,,Y,N
djs821313,뜽언,https://m.blog.naver.com/djs821313,3,0,3,완도 해양치유센터 생생후기｜예약부터 가격 할인까지 | 완도 가족여행 후기ㅣ 반값여행 신청부터 정산까지ㅣ 여행 주의사항 | 여름 몸보신 광양 중마동 4만원대 하모샤브샤브 만푸장횟집,,2026-08-26 21:53:16,,Y,N
allmune,맹두,https://m.blog.naver.com/allmune,3,0,3,완도 해양치유센터 생생후기｜예약부터 가격 할인까지 | 완도 가족여행 후기ㅣ 반값여행 신청부터 정산까지ㅣ 여행 주의사항 | 여름 몸보신 광양 중마동 4만원대 하모샤브샤브 만푸장횟집,,2026-08-26 21:53:16,,Y,N
irosehong,로즈홍,https://m.blog.naver.com/irosehong,1,1,2,광양 홈플러스 재개장 현장 생생후기와 할인목록까지,광양 홈플러스 재개장 현장 생생후기와 할인목록까지,2026-08-26 21:53:16,좋은정보네요! 할인 많이하니 필요한거있으면 꼭 담아와야겠어욤><,Y,Y
youn9ga,융가,https://m.blog.naver.com/youn9ga,1,1,2,광양 홈플러스 재개장 현장 생생후기와 할인목록까지,광양 홈플러스 재개장 현장 생생후기와 할인목록까지,2026-08-26 21:53:16,좋은 정보 감사합니다 포스팅 잘보고가요! 오늘하루도 좋은일로 가득하시길 바랍니당💕,Y,Y
kittymaniac,놀자,https://m.blog.naver.com/kittymaniac,1,1,2,광양 홈플러스 재개장 현장 생생후기와 할인목록까지,광양 홈플러스 재개장 현장 생생후기와 할인목록까지,2026-08-26 21:53:16,포스팅 구경하고 갑니다앗 📝🤍,Y,Y
skylook3383,joo,https://m.blog.naver.com/skylook3383,1,1,2,광양 홈플러스 재개장 현장 생생후기와 할인목록까지,광양 홈플러스 재개장 현장 생생후기와 할인목록까지,2026-08-26 21:53:16,광양,Y,Y
bomiay,보미에이,https://m.blog.naver.com/bomiay,1,1,2,완도 해양치유센터 생생후기｜예약부터 가격 할인까지,광양 홈플러스 재개장 현장 생생후기와 할인목록까지,2026-08-26 21:53:16,꿀팁!!! 정보 감사해요~~,Y,Y
cyk2410,하나은행신차10년할부,https://m.blog.naver.com/cyk2410,1,1,2,완도 해양치유센터 생생후기｜예약부터 가격 할인까지,완도 해양치유센터 생생후기｜예약부터 가격 할인까지,2026-08-26 21:53:16,완도해양치유센터 정보 잘 보고 갑니다,Y,Y
seo_seomom,떠떠맘,https://m.blog.naver.com/seo_seomom,1,1,2,완도 해양치유센터 생생후기｜예약부터 가격 할인까지,완도 해양치유센터 생생후기｜예약부터 가격 할인까지,2026-08-26 21:53:16,우와 아이들이 가면 정말 좋아할것 같아요 거품 테라피라니 !,Y,Y
pohang1209,푸히힛,https://m.blog.naver.com/pohang1209,1,1,2,완도 가족여행 후기ㅣ 반값여행 신청부터 정산까지ㅣ 여행 주의사항,완도 가족여행 후기ㅣ 반값여행 신청부터 정산까지ㅣ 여행 주의사항,2026-08-26 21:53:16,가족여행 넘 보기 좋네요 ㅎㅎ,Y,Y
hungryjosh,배고픈냥냥이,https://m.blog.naver.com/hungryjosh,1,1,2,완도 가족여행 후기ㅣ 반값여행 신청부터 정산까지ㅣ 여행 주의사항,완도 가족여행 후기ㅣ 반값여행 신청부터 정산까지ㅣ 여행 주의사항,2026-08-26 21:53:16,가성비 짱 여행이 되겠어요~!!,Y,Y
lovers-_-,하젤,https://m.blog.naver.com/lovers-_-,1,1,2,여름 몸보신 광양 중마동 4만원대 하모샤브샤브 만푸장횟집,여름 몸보신 광양 중마동 4만원대 하모샤브샤브 만푸장횟집,2026-08-26 21:53:16,이웃님 블로그 타고 타고 놀러왔다가  사진보고 시선강탈당해서 홀린듯이 봤네요  아직 4신데 배고파졌어요 🥹츄릅......!  나중에 제 블로그도 놀러오세연~😜,Y,Y
berry1227,들몽소몽,https://m.blog.naver.com/berry1227,1,1,2,여름 몸보신 광양 중마동 4만원대 하모샤브샤브 만푸장횟집,여름 몸보신 광양 중마동 4만원대 하모샤브샤브 만푸장횟집,2026-08-26 21:53:16,와우 몸보신 제대로 하고 오셨네요 ❤️🩷🧡💛💚,Y,Y
babsebin,babsebin,https://m.blog.naver.com/babsebin,1,1,2,여름 몸보신 광양 중마동 4만원대 하모샤브샤브 만푸장횟집,여름 몸보신 광양 중마동 4만원대 하모샤브샤브 만푸장횟집,2026-08-26 21:53:16,정보 감사합니다ㅎㅎ!!,Y,Y
khathor224,안젤라비,https://m.blog.naver.com/khathor224,1,1,2,완도 플로리스트의 비밀정원 아내의 정원 방문 후기,완도 플로리스트의 비밀정원 아내의 정원 방문 후기,2026-08-26 21:53:16,어머 세상에 이름부터 분위기 있는데 뭔가 초록색 힐링되는 느낌의 넘 예쁜 카페에요!!,Y,Y
nyeo5174,시흥 기운모터스,https://m.blog.naver.com/nyeo5174,1,1,2,완도 플로리스트의 비밀정원 아내의 정원 방문 후기,완도 플로리스트의 비밀정원 아내의 정원 방문 후기,2026-08-26 21:53:16,이웃님 포스팅보러 들렀습니다 ^^ 항상좋은 포스팅 잘보고가요~ 오늘도 같이 힘내봐요 ^^ 기운모터스 중고차 정대표 입니다 ^^ 네이버에서 우미카 검색  해보세요^^,Y,Y
cuma1221,맴맴,https://m.blog.naver.com/cuma1221,1,1,2,완도 플로리스트의 비밀정원 아내의 정원 방문 후기,완도 플로리스트의 비밀정원 아내의 정원 방문 후기,2026-08-26 21:53:16,푸릇푸릇 너무 예쁜 공간... 어디를 찍어도 화사하게 나와서 힐링 제대로 하고 갈것 같아요! 거기가 토마토 바질 에이드도 여기랑 너무 잘 어울리는 메뉴!! 상큼 그 자체입니닷!,Y,Y
zonyeaji,조녜지,https://m.blog.naver.com/zonyeaji,1,1,2,완도 플로리스트의 비밀정원 아내의 정원 방문 후기,완도 플로리스트의 비밀정원 아내의 정원 방문 후기,2026-08-26 21:53:16,동화속 같다는 말이 이런거구나 싶은데요?! 💗,Y,Y
delaunni,델라,https://m.blog.naver.com/delaunni,2,0,2,광양 홈플러스 재개장 현장 생생후기와 할인목록까지 | 완도 플로리스트의 비밀정원 아내의 정원 방문 후기,,2026-08-26 21:53:16,,Y,N
hanchoeri,방글 wish,https://m.blog.naver.com/hanchoeri,2,0,2,광양 홈플러스 재개장 현장 생생후기와 할인목록까지 | 완도 플로리스트의 비밀정원 아내의 정원 방문 후기,,2026-08-26 21:53:16,,Y,N
cloveh01,주니,https://m.blog.naver.com/cloveh01,2,0,2,광양 홈플러스 재개장 현장 생생후기와 할인목록까지 | 완도 해양치유센터 생생후기｜예약부터 가격 할인까지,,2026-08-26 21:53:16,,Y,N
haan1129,토리,https://m.blog.naver.com/haan1129,2,0,2,광양 홈플러스 재개장 현장 생생후기와 할인목록까지 | 완도 플로리스트의 비밀정원 아내의 정원 방문 후기,,2026-08-26 21:53:16,,Y,N
msj_love2104,워니k,https://m.blog.naver.com/msj_love2104,2,0,2,완도 해양치유센터 생생후기｜예약부터 가격 할인까지 | 완도 플로리스트의 비밀정원 아내의 정원 방문 후기,,2026-08-26 21:53:16,,Y,N
delphine_52,민지금,https://m.blog.naver.com/delphine_52,2,0,2,완도 해양치유센터 생생후기｜예약부터 가격 할인까지 | 여름 몸보신 광양 중마동 4만원대 하모샤브샤브 만푸장횟집,,2026-08-26 21:53:16,,Y,N
rtawgcv1,beeaaan,https://m.blog.naver.com/rtawgcv1,2,0,2,완도 가족여행 후기ㅣ 반값여행 신청부터 정산까지ㅣ 여행 주의사항 | 완도 플로리스트의 비밀정원 아내의 정원 방문 후기,,2026-08-26 21:53:16,,Y,N
zzzzo_ob,김젤리,https://m.blog.naver.com/zzzzo_ob,2,0,2,완도 가족여행 후기ㅣ 반값여행 신청부터 정산까지ㅣ 여행 주의사항 | 여름 몸보신 광양 중마동 4만원대 하모샤브샤브 만푸장횟집,,2026-08-26 21:53:16,,Y,N
samuel0213,samuel0213,https://m.blog.naver.com/samuel0213,2,0,2,완도 가족여행 후기ㅣ 반값여행 신청부터 정산까지ㅣ 여행 주의사항 | 여름 몸보신 광양 중마동 4만원대 하모샤브샤브 만푸장횟집,,2026-08-26 21:53:16,,Y,N
jhloveeb,빵이,https://m.blog.naver.com/jhloveeb,2,0,2,완도 가족여행 후기ㅣ 반값여행 신청부터 정산까지ㅣ 여행 주의사항 | 여름 몸보신 광양 중마동 4만원대 하모샤브샤브 만푸장횟집,,2026-08-26 21:53:16,,Y,N
jjhh3031,혀니,https://m.blog.naver.com/jjhh3031,2,0,2,완도 가족여행 후기ㅣ 반값여행 신청부터 정산까지ㅣ 여행 주의사항 | 여름 몸보신 광양 중마동 4만원대 하모샤브샤브 만푸장횟집,,2026-08-26 21:53:16,,Y,N
tnal4565,하이보올,https://m.blog.naver.com/tnal4565,0,1,1,,광양 홈플러스 재개장 현장 생생후기와 할인목록까지,2026-08-26 21:53:16,분명 토욜15일 갔는데 축산측에 물어보니 모르쇠 일욜날와도 행사 안한다고 저 말고 다른분도 똑같이 물었는데 안한다해서 못샀어요 ㅠ긴머리여자분은 보기만 하시고 덩치있는 남자분이...,N,Y
back3132-,나는아직도배가고프다,https://m.blog.naver.com/back3132-,1,0,1,광양 홈플러스 재개장 현장 생생후기와 할인목록까지,,2026-08-26 21:53:16,,Y,N
minlove0331,남용민,https://m.blog.naver.com/minlove0331,1,0,1,광양 홈플러스 재개장 현장 생생후기와 할인목록까지,,2026-08-26 21:53:16,,Y,N
kamsukwang76,행복찾기,https://m.blog.naver.com/kamsukwang76,1,0,1,광양 홈플러스 재개장 현장 생생후기와 할인목록까지,,2026-08-26 21:53:16,,Y,N
0100hero,0100hero,https://m.blog.naver.com/0100hero,1,0,1,광양 홈플러스 재개장 현장 생생후기와 할인목록까지,,2026-08-26 21:53:16,,Y,N
myday0709,데이미,https://m.blog.naver.com/myday0709,1,0,1,광양 홈플러스 재개장 현장 생생후기와 할인목록까지,,2026-08-26 21:53:16,,Y,N
tty0507,tty0507,https://m.blog.naver.com/tty0507,1,0,1,광양 홈플러스 재개장 현장 생생후기와 할인목록까지,,2026-08-26 21:53:16,,Y,N
imanager75,imanager75,https://m.blog.naver.com/imanager75,1,0,1,광양 홈플러스 재개장 현장 생생후기와 할인목록까지,,2026-08-26 21:53:16,,Y,N
only9297,poripori,https://m.blog.naver.com/only9297,1,0,1,광양 홈플러스 재개장 현장 생생후기와 할인목록까지,,2026-08-26 21:53:16,,Y,N
zxanng,쟝꾸,https://m.blog.naver.com/zxanng,1,0,1,광양 홈플러스 재개장 현장 생생후기와 할인목록까지,,2026-08-26 21:53:16,,Y,N
atom30,쭌이,https://m.blog.naver.com/atom30,1,0,1,완도 해양치유센터 생생후기｜예약부터 가격 할인까지,,2026-08-26 21:53:16,,Y,N
jhtheory,친절한 수내씨,https://m.blog.naver.com/jhtheory,1,0,1,완도 가족여행 후기ㅣ 반값여행 신청부터 정산까지ㅣ 여행 주의사항,,2026-08-26 21:53:16,,Y,N
2soone3,2soone3,https://m.blog.naver.com/2soone3,1,0,1,완도 가족여행 후기ㅣ 반값여행 신청부터 정산까지ㅣ 여행 주의사항,,2026-08-26 21:53:16,,Y,N
astral666,꿈을실은별,https://m.blog.naver.com/astral666,1,0,1,완도 가족여행 후기ㅣ 반값여행 신청부터 정산까지ㅣ 여행 주의사항,,2026-08-26 21:53:16,,Y,N
genious_park73,부자곰,https://m.blog.naver.com/genious_park73,1,0,1,완도 가족여행 후기ㅣ 반값여행 신청부터 정산까지ㅣ 여행 주의사항,,2026-08-26 21:53:16,,Y,N
coo7502,숲의 요정,https://m.blog.naver.com/coo7502,1,0,1,여름 몸보신 광양 중마동 4만원대 하모샤브샤브 만푸장횟집,,2026-08-26 21:53:16,,Y,N
love_dhr,쇼옥,https://m.blog.naver.com/love_dhr,1,0,1,여름 몸보신 광양 중마동 4만원대 하모샤브샤브 만푸장횟집,,2026-08-26 21:53:16,,Y,N
neungii,능능,https://m.blog.naver.com/neungii,1,0,1,여름 몸보신 광양 중마동 4만원대 하모샤브샤브 만푸장횟집,,2026-08-26 21:53:16,,Y,N
bemine500,해운대 테이블,https://m.blog.naver.com/bemine500,1,0,1,여름 몸보신 광양 중마동 4만원대 하모샤브샤브 만푸장횟집,,2026-08-26 21:53:16,,Y,N
dduhyunn_,춘천쭈현2,https://m.blog.naver.com/dduhyunn_,1,0,1,여름 몸보신 광양 중마동 4만원대 하모샤브샤브 만푸장횟집,,2026-08-26 21:53:16,,Y,N
worldconect,먹쿠자,https://m.blog.naver.com/worldconect,1,0,1,여름 몸보신 광양 중마동 4만원대 하모샤브샤브 만푸장횟집,,2026-08-26 21:53:16,,Y,N
yunn1o,Yunn,https://m.blog.naver.com/yunn1o,1,0,1,여름 몸보신 광양 중마동 4만원대 하모샤브샤브 만푸장횟집,,2026-08-26 21:53:16,,Y,N
lclub_star,번지길드,https://m.blog.naver.com/lclub_star,1,0,1,완도 플로리스트의 비밀정원 아내의 정원 방문 후기,,2026-08-26 21:53:16,,Y,N
swim199,swim199,https://m.blog.naver.com/swim199,1,0,1,완도 플로리스트의 비밀정원 아내의 정원 방문 후기,,2026-08-26 21:53:16,,Y,N
dh013208,호야,https://m.blog.naver.com/dh013208,1,0,1,완도 플로리스트의 비밀정원 아내의 정원 방문 후기,,2026-08-26 21:53:16,,Y,N
ilppo1,일뽀쌤,https://m.blog.naver.com/ilppo1,1,0,1,완도 플로리스트의 비밀정원 아내의 정원 방문 후기,,2026-08-26 21:53:16,,Y,N
ss01027,꽃바람타고,https://m.blog.naver.com/ss01027,1,0,1,완도 플로리스트의 비밀정원 아내의 정원 방문 후기,,2026-08-26 21:53:16,,Y,N
